historial_crediticio,nivel_endeudamiento,ingresos_mensuales,edad,tipo_empleo,aprobacion
Malo,0.75,2474172,67,Dependiente,Sí
Bueno,0.35,2435928,22,Dependiente,No
Malo,0.35,2366751,49,Temporal,Sí
Bueno,0.35,2176081,45,Dependiente,Sí
Regular,0.55,1402824,53,Dependiente,No
Bueno,0.35,1733991,35,Temporal,Sí
Bueno,0.55,3104550,53,Dependiente,Sí
Bueno,0.35,2326028,35,Dependiente,Sí
Bueno,0.35,5503066,61,Temporal,Sí
Malo,0.75,1908444,28,Dependiente,No
Bueno,0.55,1165421,25,Dependiente,No
Bueno,0.55,2337838,24,Dependiente,No
Bueno,0.2,2282175,22,Dependiente,Sí
Malo,0.75,1771249,60,Temporal,No
Bueno,0.35,1436372,28,Dependiente,Sí
Bueno,0.75,2056766,32,Temporal,No
Malo,0.75,2347636,53,Dependiente,Sí
Excelente,0.35,2172777,25,Dependiente,Sí
Bueno,0.75,2113834,44,Dependiente,No
Bueno,0.55,3524212,31,Dependiente,Sí
Malo,0.75,1995408,48,Dependiente,Sí
Bueno,0.35,2709240,44,Dependiente,Sí
Malo,0.2,1500798,48,Temporal,Sí
Malo,0.55,2197261,44,Dependiente,Sí
Malo,0.35,2184104,26,Dependiente,Sí
Bueno,0.2,2220728,36,Temporal,Sí
Excelente,0.75,1751491,39,Temporal,Sí
Excelente,0.55,4785586,42,Dependiente,Sí
Bueno,0.55,1970138,34,Dependiente,Sí
Regular,0.55,1512462,63,Dependiente,No
Bueno,0.55,4767919,36,Dependiente,Sí
Bueno,0.35,1421681,27,Dependiente,Sí
Bueno,0.35,1891072,30,Dependiente,Sí
Malo,0.75,3507993,57,Temporal,Sí
Bueno,0.75,2332555,33,Dependiente,Sí
Malo,0.75,2138370,25,Temporal,No
Malo,0.2,1595997,31,Dependiente,Sí
Bueno,0.75,1326973,37,Dependiente,No
Bueno,0.35,2089502,37,Dependiente,Sí
Bueno,0.75,1772198,24,Dependiente,Sí
Bueno,0.75,3219668,30,Dependiente,Sí
Bueno,0.55,3242765,26,Dependiente,Sí
Regular,0.35,1244705,44,Temporal,Sí
Malo,0.2,3380353,24,Dependiente,Sí
Malo,0.75,1843696,58,Temporal,No
Malo,0.75,1958215,35,Dependiente,Sí
Bueno,0.75,3561079,39,Dependiente,Sí
Bueno,0.2,2952091,23,Temporal,Sí
Malo,0.2,1910723,39,Temporal,Sí
Bueno,0.75,2058796,28,Dependiente,Sí
Regular,0.75,2806658,29,Temporal,Sí
Regular,0.2,2649207,30,Dependiente,Sí
Bueno,0.55,2421348,25,Dependiente,Sí
Bueno,0.35,2842241,31,Dependiente,Sí
Regular,0.75,2372723,57,Dependiente,No
Excelente,0.2,2882811,26,Temporal,Sí
Bueno,0.35,1469464,52,Dependiente,No
Malo,0.35,1454777,31,Dependiente,Sí
Bueno,0.55,1510554,23,Dependiente,Sí
Malo,0.75,1541782,23,Temporal,No
Bueno,0.35,1705280,27,Dependiente,Sí
Malo,0.75,2288428,50,Dependiente,Sí
Excelente,0.75,2732830,61,Dependiente,No
Excelente,0.35,1663779,25,Dependiente,No
Bueno,0.75,1486954,26,Dependiente,Sí
Bueno,0.75,2776852,48,Dependiente,Sí
Bueno,0.35,1314041,29,Dependiente,Sí
Bueno,0.75,5505492,22,Dependiente,Sí
Bueno,0.75,1296915,37,Dependiente,No
Bueno,0.75,2980330,25,Dependiente,Sí
Bueno,0.2,2203918,30,Dependiente,Sí
Malo,0.75,2157688,46,Temporal,Sí
Malo,0.55,1448614,51,Dependiente,Sí
Malo,0.35,2486109,41,Temporal,Sí
Bueno,0.75,3072343,40,Dependiente,No
Malo,0.75,2577251,66,Dependiente,Sí
Bueno,0.75,2092518,34,Dependiente,No
Regular,0.35,1425883,51,Dependiente,Sí
Excelente,0.35,2037698,39,Temporal,Sí
Bueno,0.35,1283098,22,Dependiente,Sí
Bueno,0.2,2654922,44,Dependiente,No
Bueno,0.75,4121936,47,Dependiente,Sí
Bueno,0.55,2263257,24,Temporal,Sí
Bueno,0.75,1539151,58,Temporal,Sí
Bueno,0.55,1925132,52,Temporal,Sí
Malo,0.75,1622738,29,Dependiente,Sí
Malo,0.75,2041063,27,Dependiente,Sí
Bueno,0.2,2692580,47,Dependiente,No
Bueno,0.75,3346307,30,Dependiente,Sí
Excelente,0.75,1995267,28,Dependiente,No
Malo,0.75,1626567,56,Dependiente,Sí
Malo,0.75,2552661,54,Dependiente,Sí
Malo,0.75,3169413,33,Temporal,No
Malo,0.75,2810298,20,Dependiente,Sí
Bueno,0.75,6512901,54,Dependiente,Sí
Excelente,0.55,1749837,58,Dependiente,No
Malo,0.75,2512509,61,Dependiente,Sí
Bueno,0.75,2398557,34,Dependiente,Sí
Malo,0.75,1479653,36,Dependiente,Sí
Regular,0.55,1828020,36,Dependiente,Sí
Bueno,0.75,2212801,41,Temporal,Sí
Bueno,0.75,2230066,24,Dependiente,Sí
Regular,0.55,1608662,24,Dependiente,Sí
Malo,0.75,2047256,35,Dependiente,Sí
Bueno,0.35,2718282,26,Dependiente,Sí
Malo,0.35,1524079,39,Dependiente,No
Excelente,0.35,2080197,39,Dependiente,No
Bueno,0.35,2400438,32,Dependiente,Sí
Bueno,0.2,1751037,30,Dependiente,Sí
Bueno,0.2,3138563,35,Dependiente,Sí
Regular,0.2,2646782,31,Dependiente,Sí
Bueno,0.75,1339108,23,Dependiente,Sí
Bueno,0.55,2649467,28,Temporal,Sí
Malo,0.75,2250556,25,Dependiente,No
Bueno,0.55,4140126,35,Dependiente,Sí
Malo,0.75,3368629,47,Dependiente,Sí
Bueno,0.75,2976058,30,Dependiente,No
Malo,0.35,1690862,27,Dependiente,Sí
Malo,0.2,3838838,23,Dependiente,No
Malo,0.55,3639914,36,Dependiente,Sí
Bueno,0.55,2249672,25,Dependiente,No
Malo,0.75,2837902,41,Dependiente,Sí
Bueno,0.55,1613404,24,Temporal,Sí
Malo,0.75,1611681,63,Dependiente,Sí
Bueno,0.75,1749807,27,Dependiente,No
Malo,0.75,1755240,30,Dependiente,Sí
Bueno,0.75,2263419,40,Temporal,Sí
Bueno,0.75,2318949,30,Dependiente,No
Malo,0.75,1088133,34,Dependiente,Sí
Malo,0.55,1863971,29,Dependiente,No
Bueno,0.2,2338728,24,Dependiente,Sí
Regular,0.75,1488740,29,Dependiente,No
Bueno,0.35,1288033,27,Temporal,Sí
Bueno,0.75,1638899,47,Dependiente,Sí
Bueno,0.35,3432080,21,Dependiente,Sí
Malo,0.75,2381765,38,Dependiente,Sí
Regular,0.35,4796976,27,Dependiente,Sí
Bueno,0.75,3554528,66,Temporal,No
Malo,0.75,2249988,35,Dependiente,Sí
Bueno,0.35,2463316,44,Temporal,Sí
Bueno,0.35,5610812,27,Temporal,Sí
Bueno,0.75,1450951,30,Dependiente,Sí
Bueno,0.55,1846423,27,Dependiente,Sí
Bueno,0.35,1591141,22,Dependiente,No
Malo,0.75,1491778,23,Dependiente,Sí
Excelente,0.75,2036805,30,Dependiente,Sí
Malo,0.2,2390920,39,Dependiente,Sí
Malo,0.75,2754125,51,Dependiente,Sí
Malo,0.55,1266922,28,Dependiente,Sí
Malo,0.75,5035939,46,Dependiente,Sí
Bueno,0.35,3685886,42,Dependiente,Sí
Bueno,0.2,1511430,38,Dependiente,Sí
Bueno,0.75,1388363,24,Dependiente,Sí
Malo,0.35,5668358,29,Dependiente,Sí
Regular,0.75,3497901,36,Dependiente,Sí
Bueno,0.35,1514671,20,Dependiente,No
Malo,0.55,3289187,48,Dependiente,Sí
Excelente,0.75,2628126,45,Temporal,Sí
Bueno,0.35,2345961,38,Dependiente,Sí
Malo,0.2,2592324,34,Temporal,Sí
Malo,0.55,2777875,36,Dependiente,Sí
Malo,0.75,1920897,30,Dependiente,Sí
Bueno,0.75,3795324,36,Dependiente,Sí
Bueno,0.35,1706856,70,Dependiente,Sí
Bueno,0.75,3162521,36,Dependiente,Sí
Bueno,0.2,3752953,32,Dependiente,Sí
Bueno,0.75,1455312,33,Dependiente,No
Bueno,0.75,3767981,20,Dependiente,Sí
Bueno,0.35,1378308,25,Dependiente,Sí
Malo,0.75,2361792,31,Dependiente,No
Excelente,0.75,2497000,33,Dependiente,No
Bueno,0.75,1221564,26,Dependiente,Sí
Regular,0.55,1679148,34,Dependiente,No
Bueno,0.75,1494444,33,Dependiente,Sí
Regular,0.35,1936788,26,Dependiente,No
Excelente,0.75,1585394,53,Dependiente,No
Bueno,0.35,2098219,42,Dependiente,Sí
Malo,0.75,3696123,52,Dependiente,Sí
Bueno,0.75,2659523,31,Dependiente,Sí
Malo,0.75,1654532,65,Dependiente,Sí
Regular,0.2,1561216,28,Dependiente,No
Regular,0.35,1347515,30,Dependiente,No
Excelente,0.75,2887040,40,Temporal,No
Malo,0.75,5693348,50,Dependiente,Sí
Malo,0.75,1842388,36,Dependiente,No
Malo,0.75,2057979,31,Dependiente,Sí
Excelente,0.35,2714866,74,Dependiente,No
Malo,0.35,1729584,68,Temporal,Sí
Bueno,0.75,2795661,20,Dependiente,No
Excelente,0.2,1514407,33,Dependiente,Sí
Bueno,0.35,3732756,54,Dependiente,No
Excelente,0.75,3361712,34,Temporal,No
Bueno,0.75,2370543,36,Dependiente,No
Bueno,0.35,2225335,29,Dependiente,Sí
Bueno,0.75,2274641,21,Dependiente,No
Malo,0.35,1984766,34,Dependiente,No
Malo,0.2,2143742,28,Dependiente,Sí
Bueno,0.75,2903156,27,Dependiente,No
Bueno,0.75,3396755,36,Dependiente,Sí
Regular,0.75,2656605,40,Dependiente,No
Malo,0.75,4155656,52,Dependiente,Sí
Bueno,0.75,1309381,27,Temporal,Sí
Regular,0.55,1551129,26,Dependiente,Sí
Bueno,0.75,2604932,21,Dependiente,No
Malo,0.75,2386029,38,Temporal,Sí
Malo,0.55,1454347,38,Dependiente,Sí
Malo,0.75,1598295,43,Dependiente,Sí
Malo,0.75,2268807,26,Dependiente,Sí
Bueno,0.35,1206580,21,Temporal,Sí
Bueno,0.55,4292222,55,Dependiente,Sí
Malo,0.2,2323100,33,Dependiente,Sí
Bueno,0.35,3045411,45,Temporal,Sí
Excelente,0.35,1842794,50,Dependiente,No
Regular,0.75,1789860,66,Dependiente,No
Malo,0.75,3081922,51,Dependiente,Sí
Malo,0.2,2041460,39,Temporal,Sí
Excelente,0.55,1785321,31,Dependiente,Sí
Bueno,0.35,2170438,23,Dependiente,Sí
Bueno,0.35,2044522,24,Temporal,Sí
Bueno,0.35,2303990,64,Dependiente,Sí
Bueno,0.75,1952151,26,Temporal,Sí
Bueno,0.75,2352462,23,Dependiente,Sí
Bueno,0.75,1321777,30,Dependiente,Sí
Regular,0.75,2051573,32,Dependiente,Sí
Bueno,0.55,1544763,30,Dependiente,Sí
Excelente,0.75,1517186,27,Dependiente,Sí
Bueno,0.2,6525779,27,Dependiente,No
Bueno,0.75,2053232,53,Dependiente,No
Bueno,0.75,2595626,22,Dependiente,No
Bueno,0.75,1919456,22,Dependiente,Sí
Bueno,0.75,2233254,26,Dependiente,No
Bueno,0.35,3904746,51,Temporal,Sí
Bueno,0.55,2868431,35,Dependiente,Sí
Bueno,0.75,1840273,25,Temporal,Sí
Malo,0.35,1599197,42,Temporal,Sí
Bueno,0.75,1925268,30,Dependiente,No
Bueno,0.2,1729042,23,Temporal,No
Bueno,0.75,2200850,61,Temporal,No
Malo,0.75,2039113,35,Dependiente,Sí
Bueno,0.2,1716292,39,Dependiente,Sí
Bueno,0.75,3492825,29,Dependiente,No
Bueno,0.55,2684117,51,Dependiente,Sí
Excelente,0.55,2867188,24,Dependiente,No
Malo,0.55,1681206,27,Dependiente,Sí
Excelente,0.75,2523184,35,Temporal,Sí
Bueno,0.75,2647495,25,Dependiente,Sí
Malo,0.75,2107967,52,Dependiente,Sí
Excelente,0.75,3153316,35,Dependiente,Sí
Bueno,0.35,2452705,26,Dependiente,Sí
Bueno,0.55,2078021,22,Dependiente,No
Malo,0.55,4659734,39,Temporal,Sí
Bueno,0.2,1700627,46,Temporal,Sí
Bueno,0.75,2306477,24,Dependiente,No
Regular,0.35,2243690,35,Dependiente,Sí
Bueno,0.35,1929663,24,Dependiente,Sí
Regular,0.2,2335201,27,Temporal,Sí
Malo,0.75,2417001,35,Temporal,Sí
Excelente,0.75,2104838,29,Dependiente,No
Bueno,0.2,2468181,23,Dependiente,Sí
Malo,0.75,1742442,57,Temporal,Sí
Bueno,0.35,1999509,27,Dependiente,Sí
Bueno,0.75,2984484,55,Dependiente,Sí
Malo,0.35,1658531,36,Dependiente,Sí
Malo,0.35,2248594,57,Temporal,Sí
Malo,0.55,2808701,32,Temporal,Sí
Bueno,0.75,2595599,37,Dependiente,No
Malo,0.75,3054628,36,Dependiente,Sí
Bueno,0.75,2007567,38,Dependiente,Sí
Bueno,0.2,2000806,45,Dependiente,No
Bueno,0.75,2328465,25,Dependiente,Sí
Bueno,0.75,2985445,32,Dependiente,Sí
Malo,0.55,4086687,37,Dependiente,Sí
Excelente,0.75,2520547,36,Dependiente,Sí
Bueno,0.75,2625933,28,Dependiente,No
Bueno,0.2,1771507,34,Temporal,No
Bueno,0.2,1851971,32,Dependiente,Sí
Malo,0.35,2237783,26,Dependiente,Sí
Bueno,0.35,2969935,49,Temporal,Sí
Bueno,0.2,2006929,32,Dependiente,No
Bueno,0.75,2914109,29,Dependiente,Sí
Malo,0.55,6870016,23,Dependiente,Sí
Bueno,0.75,1639393,50,Dependiente,Sí
Excelente,0.75,2269711,49,Temporal,Sí
Malo,0.75,1969167,63,Dependiente,Sí
Malo,0.75,2479112,37,Dependiente,Sí
Bueno,0.2,1184388,35,Temporal,Sí
Bueno,0.75,1985805,26,Dependiente,Sí
Regular,0.35,2303732,31,Dependiente,Sí
Bueno,0.75,1572503,49,Dependiente,Sí
Regular,0.75,1869679,48,Dependiente,No
Bueno,0.35,1239650,26,Dependiente,Sí
Bueno,0.2,1186125,28,Dependiente,No
Malo,0.35,2723256,44,Dependiente,Sí
Malo,0.75,2001897,56,Dependiente,Sí
Malo,0.75,2028708,46,Dependiente,Sí
Bueno,0.2,1784970,26,Dependiente,No
Bueno,0.2,2522240,20,Dependiente,Sí
Bueno,0.75,2188477,45,Temporal,Sí
Bueno,0.55,2009757,43,Dependiente,Sí
Malo,0.55,4084705,32,Dependiente,Sí
Bueno,0.2,1140467,54,Temporal,Sí
Excelente,0.75,1890761,42,Dependiente,No
Malo,0.75,2542047,37,Temporal,No
Malo,0.75,2231524,49,Dependiente,Sí
Malo,0.35,3589137,44,Dependiente,No
Bueno,0.75,5939630,33,Dependiente,Sí
Bueno,0.35,2501895,24,Temporal,Sí
Bueno,0.75,2139532,33,Temporal,No
Bueno,0.55,2233742,24,Dependiente,No
Bueno,0.75,1552081,22,Temporal,Sí
Bueno,0.55,1942611,40,Temporal,Sí
Bueno,0.75,1909838,25,Dependiente,Sí
Bueno,0.35,1171308,26,Dependiente,Sí
Bueno,0.35,2696587,25,Temporal,No
Bueno,0.2,2616271,29,Temporal,Sí
Excelente,0.75,2525719,31,Dependiente,No
Bueno,0.35,1731638,38,Temporal,Sí
Bueno,0.2,1759941,48,Temporal,Sí
Malo,0.75,1403368,32,Dependiente,Sí
Regular,0.2,1830378,27,Temporal,Sí
Malo,0.75,1722595,28,Dependiente,No
Bueno,0.75,2022525,32,Dependiente,No
Bueno,0.35,2264082,34,Dependiente,Sí
Bueno,0.75,4199834,28,Dependiente,Sí
Malo,0.75,2441324,36,Dependiente,Sí
Malo,0.2,2375192,39,Temporal,Sí
Malo,0.35,2797837,49,Dependiente,Sí
Bueno,0.75,5532232,34,Dependiente,Sí
Bueno,0.75,2094576,31,Dependiente,Sí
Bueno,0.75,1826460,28,Dependiente,Sí
Malo,0.35,1496488,75,Dependiente,Sí
Malo,0.75,2860984,30,Dependiente,No
Bueno,0.75,1729143,24,Dependiente,No
Malo,0.35,1962501,24,Temporal,No
Excelente,0.55,1511764,23,Dependiente,No
Malo,0.2,1252947,44,Dependiente,No
Bueno,0.35,2196493,23,Temporal,Sí
Bueno,0.75,2555486,24,Dependiente,No
Bueno,0.75,1816425,28,Dependiente,Sí
Bueno,0.75,1327184,31,Temporal,Sí
Malo,0.35,1747145,24,Dependiente,Sí
Bueno,0.2,1997064,26,Temporal,Sí
Bueno,0.2,2621812,25,Dependiente,Sí
Bueno,0.2,2116808,33,Dependiente,Sí
Bueno,0.2,1632153,37,Temporal,Sí
Malo,0.75,2000605,43,Temporal,Sí
Malo,0.75,1924340,23,Dependiente,Sí
Bueno,0.2,2311160,23,Temporal,Sí
Regular,0.2,2324457,34,Temporal,Sí
Malo,0.75,6077579,32,Dependiente,No
Bueno,0.2,1761373,23,Dependiente,Sí
Bueno,0.2,2313436,29,Dependiente,No
Malo,0.35,2239236,38,Dependiente,Sí
Excelente,0.75,1411814,28,Dependiente,No
Bueno,0.75,3127023,46,Dependiente,Sí
Bueno,0.75,1933387,23,Temporal,No
Malo,0.2,1847720,49,Dependiente,Sí
Regular,0.75,1961508,26,Dependiente,No
Bueno,0.75,2422299,28,Dependiente,Sí
Bueno,0.75,2142928,23,Dependiente,No
Bueno,0.75,2082254,61,Dependiente,Sí
Bueno,0.35,2957918,37,Dependiente,Sí
Regular,0.35,1795728,36,Dependiente,Sí
Bueno,0.2,1909301,21,Dependiente,Sí
Bueno,0.75,2181513,25,Temporal,No
Bueno,0.35,1872126,36,Dependiente,Sí
Malo,0.55,2694502,27,Dependiente,Sí
Bueno,0.2,2258108,22,Dependiente,Sí
Bueno,0.75,1745434,42,Dependiente,No
Bueno,0.35,1419186,40,Dependiente,Sí
Bueno,0.75,1651167,36,Dependiente,Sí
Malo,0.55,1468426,33,Dependiente,Sí
Malo,0.2,1256637,23,Dependiente,Sí
Malo,0.35,3029412,63,Dependiente,Sí
Excelente,0.55,2279596,60,Dependiente,No
Excelente,0.35,1776135,37,Dependiente,No
Regular,0.35,2068504,34,Dependiente,Sí
Regular,0.55,1841889,36,Dependiente,Sí
Bueno,0.75,2710570,57,Dependiente,No
Malo,0.75,2194596,52,Temporal,Sí
Bueno,0.75,1844971,39,Dependiente,Sí
Bueno,0.55,1895182,38,Dependiente,No
Bueno,0.75,2687755,25,Dependiente,Sí
Bueno,0.75,2223677,26,Dependiente,Sí
Regular,0.35,2829099,26,Temporal,Sí
Malo,0.35,2244525,25,Dependiente,Sí
Bueno,0.75,1826899,21,Dependiente,Sí
Malo,0.75,1287604,40,Dependiente,Sí
Malo,0.35,3625922,27,Dependiente,Sí
Bueno,0.55,2473773,27,Dependiente,Sí
Bueno,0.35,2487656,30,Dependiente,Sí
Bueno,0.2,4304966,19,Temporal,Sí
Bueno,0.35,1851985,39,Dependiente,Sí
Malo,0.2,2430270,31,Dependiente,Sí
Malo,0.35,1478740,31,Dependiente,Sí
Regular,0.35,3413366,32,Dependiente,Sí
Bueno,0.55,2084342,55,Dependiente,Sí
Malo,0.55,1757692,46,Dependiente,Sí
Bueno,0.2,2611358,46,Dependiente,No
Malo,0.75,5386357,43,Temporal,Sí
Bueno,0.55,1267357,39,Dependiente,Sí
Malo,0.75,2853829,28,Dependiente,Sí
Regular,0.35,1763986,27,Dependiente,No
Regular,0.75,2274394,27,Temporal,Sí
Regular,0.75,2376089,43,Dependiente,Sí
Bueno,0.2,2245971,22,Dependiente,No
Malo,0.75,2292182,43,Dependiente,Sí
Bueno,0.75,1153384,27,Dependiente,Sí
Bueno,0.55,4629687,26,Dependiente,Sí
Malo,0.75,2900623,28,Dependiente,No
Bueno,0.75,1938129,20,Dependiente,Sí
Malo,0.55,2678588,35,Dependiente,Sí
Malo,0.75,2192210,42,Dependiente,No
Bueno,0.55,3360156,40,Temporal,Sí
Bueno,0.75,2447755,35,Dependiente,No
Malo,0.35,2139575,35,Dependiente,Sí
Bueno,0.75,1502115,33,Temporal,No
Regular,0.2,1992996,23,Dependiente,Sí
Bueno,0.2,3859655,31,Dependiente,Sí
Bueno,0.75,2628561,33,Dependiente,No
Bueno,0.35,6026842,20,Dependiente,Sí
Bueno,0.75,2684427,30,Dependiente,Sí
Malo,0.35,1450424,47,Temporal,Sí
Regular,0.75,2741407,34,Dependiente,Sí
Bueno,0.2,1903605,25,Dependiente,No
Bueno,0.2,1914387,21,Dependiente,Sí
Malo,0.75,2128787,29,Dependiente,Sí
Malo,0.75,5719260,46,Dependiente,Sí
Bueno,0.2,1987427,20,Dependiente,Sí
Malo,0.35,1216968,55,Temporal,No
Bueno,0.2,1524478,74,Temporal,Sí
Bueno,0.35,2189963,29,Dependiente,No
Malo,0.75,1803315,36,Dependiente,Sí
Malo,0.75,1331459,33,Dependiente,Sí
Bueno,0.55,1309338,25,Dependiente,Sí
Bueno,0.35,2551453,25,Dependiente,No
Bueno,0.35,2870058,23,Temporal,Sí
Malo,0.75,6665580,37,Dependiente,Sí
Malo,0.75,1906303,65,Temporal,Sí
Excelente,0.75,1240465,26,Temporal,No
Bueno,0.75,1572346,39,Dependiente,Sí
Bueno,0.35,2482631,30,Dependiente,Sí
Regular,0.35,1686552,29,Dependiente,Sí
Bueno,0.75,2018201,41,Temporal,No
Malo,0.35,2256639,30,Dependiente,No
Malo,0.75,3505047,41,Temporal,Sí
Bueno,0.75,2357711,34,Dependiente,No
Bueno,0.35,2179391,35,Dependiente,Sí
Bueno,0.55,2477267,55,Dependiente,Sí
Regular,0.55,3708751,61,Dependiente,No
Malo,0.75,2665720,30,Dependiente,Sí
Bueno,0.55,1925925,29,Dependiente,Sí
Excelente,0.35,2101786,34,Dependiente,Sí
Bueno,0.75,2853912,35,Dependiente,Sí
Bueno,0.35,1479012,31,Dependiente,No
Bueno,0.75,1748392,29,Dependiente,Sí
Malo,0.35,1214759,36,Dependiente,Sí
Bueno,0.55,2171110,35,Dependiente,No
Bueno,0.75,1209534,27,Dependiente,Sí
Bueno,0.55,1286740,32,Dependiente,Sí
Bueno,0.2,1352784,37,Dependiente,Sí
Bueno,0.35,1941774,36,Dependiente,Sí
Bueno,0.55,2061365,34,Dependiente,Sí
Bueno,0.75,2850063,38,Dependiente,Sí
Bueno,0.75,2695906,34,Dependiente,Sí
Bueno,0.55,1687331,63,Dependiente,Sí
Regular,0.75,1492854,29,Temporal,No
Regular,0.55,3363478,32,Dependiente,Sí
Regular,0.35,1490674,26,Dependiente,Sí
Regular,0.55,2697408,35,Temporal,Sí
Bueno,0.55,1726165,22,Dependiente,No
Bueno,0.75,2337800,23,Dependiente,No
Bueno,0.75,1256107,28,Temporal,No
Bueno,0.75,2553043,36,Dependiente,Sí
Malo,0.75,1886011,33,Dependiente,No
Excelente,0.2,2366311,26,Dependiente,No
Bueno,0.75,2610694,24,Dependiente,Sí
Bueno,0.75,2112011,25,Dependiente,Sí
Bueno,0.55,3472725,39,Temporal,Sí
Malo,0.75,2256032,44,Dependiente,Sí
Malo,0.2,2018218,23,Temporal,Sí
Bueno,0.75,1999249,26,Dependiente,Sí
Bueno,0.75,5563623,57,Dependiente,Sí
Regular,0.55,5575784,30,Dependiente,Sí
Malo,0.75,3376471,44,Dependiente,Sí
Regular,0.75,2134354,47,Dependiente,No
Bueno,0.35,1259080,52,Dependiente,Sí
Bueno,0.75,1878302,62,Dependiente,Sí
Bueno,0.55,3130576,35,Temporal,Sí
Bueno,0.35,2357342,26,Dependiente,Sí
Malo,0.35,2150824,26,Dependiente,Sí
Excelente,0.35,2407406,42,Dependiente,No
Malo,0.2,2188333,27,Dependiente,Sí
Bueno,0.75,2138618,38,Dependiente,Sí
Malo,0.55,1802807,39,Temporal,Sí
Bueno,0.35,2030028,20,Dependiente,No
Bueno,0.75,2486262,29,Dependiente,No
Malo,0.75,1431160,40,Dependiente,Sí
Bueno,0.75,2960055,32,Temporal,Sí
Malo,0.35,3816834,28,Dependiente,Sí
Bueno,0.75,2002229,27,Dependiente,No
Bueno,0.35,2276310,42,Dependiente,Sí
Bueno,0.35,2680006,49,Dependiente,Sí
Malo,0.75,2792347,38,Dependiente,No
Bueno,0.75,1985642,24,Dependiente,No
Bueno,0.75,1743925,27,Temporal,No
Malo,0.35,3866390,36,Dependiente,Sí
Excelente,0.2,2656396,34,Dependiente,No
Bueno,0.75,2434739,28,Dependiente,Sí
Bueno,0.75,3379208,45,Dependiente,Sí
Bueno,0.75,2197183,26,Dependiente,No
Bueno,0.35,1743715,32,Dependiente,Sí
Bueno,0.35,2653801,26,Dependiente,Sí
Regular,0.75,2325883,20,Dependiente,Sí
Bueno,0.75,1489436,54,Dependiente,Sí
Malo,0.75,1357704,37,Dependiente,Sí
Malo,0.35,1604932,40,Temporal,Sí
Malo,0.35,2141033,23,Dependiente,No
Bueno,0.55,3818623,43,Dependiente,Sí
Malo,0.75,2070750,36,Dependiente,Sí
Malo,0.55,2366843,44,Dependiente,Sí
Bueno,0.35,1695158,24,Dependiente,No
Excelente,0.55,2460888,53,Dependiente,No
Bueno,0.55,3276863,23,Dependiente,Sí
Bueno,0.75,2289827,26,Temporal,Sí
Bueno,0.35,1718836,30,Dependiente,Sí
Malo,0.75,2380747,31,Dependiente,Sí
Malo,0.35,1710972,42,Temporal,Sí
Bueno,0.75,1273288,31,Dependiente,No
Bueno,0.55,2207932,41,Temporal,Sí
Bueno,0.55,2482448,32,Dependiente,Sí
Bueno,0.35,3199604,28,Dependiente,No
Regular,0.75,2495627,41,Dependiente,Sí
Bueno,0.75,2835364,26,Dependiente,Sí
Bueno,0.75,2520807,25,Dependiente,Sí
Malo,0.35,2306785,33,Dependiente,No
Bueno,0.75,2497023,75,Dependiente,Sí
Malo,0.55,1825863,37,Dependiente,Sí
Bueno,0.75,2142848,42,Dependiente,No
Bueno,0.2,1299511,45,Temporal,Sí
Bueno,0.2,2318253,23,Dependiente,No
Regular,0.75,2385632,60,Dependiente,Sí
Bueno,0.75,2211557,31,Dependiente,No
Bueno,0.35,2073210,34,Temporal,No
Malo,0.75,2404280,61,Temporal,Sí
Regular,0.75,1499050,43,Dependiente,No
Malo,0.75,1347624,37,Dependiente,Sí
Bueno,0.55,2280349,32,Dependiente,Sí
Excelente,0.75,1876400,24,Temporal,No
Malo,0.35,2924325,35,Dependiente,Sí
Malo,0.75,2508269,23,Dependiente,Sí
Excelente,0.35,4533926,45,Temporal,Sí
Bueno,0.2,2109226,34,Dependiente,No
Malo,0.75,2456047,27,Dependiente,Sí
Bueno,0.75,2573614,67,Dependiente,Sí
Bueno,0.35,1638301,22,Dependiente,No
Excelente,0.55,1888240,28,Dependiente,No
Excelente,0.2,1543174,29,Dependiente,No
Excelente,0.55,2399846,27,Dependiente,No
Malo,0.35,1906082,31,Temporal,No
Bueno,0.75,3067343,49,Dependiente,Sí
Excelente,0.75,1624538,24,Temporal,No
Regular,0.35,1308418,29,Dependiente,Sí
Bueno,0.2,1521816,37,Dependiente,No
Regular,0.75,2025881,37,Dependiente,Sí
Regular,0.55,2888473,23,Dependiente,Sí
Bueno,0.35,1880908,36,Dependiente,No
Malo,0.35,5512424,34,Dependiente,Sí
Bueno,0.75,3141861,41,Dependiente,Sí
Bueno,0.55,1652732,31,Dependiente,No
Bueno,0.75,1774777,23,Temporal,No
Malo,0.55,2440623,38,Dependiente,Sí
Bueno,0.35,1885332,26,Dependiente,Sí
Bueno,0.75,2008712,22,Temporal,Sí
Bueno,0.75,2785287,27,Temporal,Sí
Malo,0.35,2677814,24,Dependiente,Sí
Bueno,0.35,1530315,27,Dependiente,Sí
Malo,0.55,2889881,33,Dependiente,Sí
Malo,0.75,1747763,27,Dependiente,No
Bueno,0.75,1458931,27,Temporal,Sí
Malo,0.55,2156251,30,Dependiente,No
Malo,0.2,2350340,49,Temporal,Sí
Bueno,0.75,1840403,26,Dependiente,Sí
Bueno,0.75,1546008,33,Temporal,No
Bueno,0.75,2940121,52,Dependiente,Sí
Bueno,0.2,1512189,20,Dependiente,No
Malo,0.35,1298622,36,Dependiente,Sí
Bueno,0.75,1367543,21,Temporal,Sí
Bueno,0.75,1366459,47,Temporal,No
Malo,0.55,1676968,60,Dependiente,No
Malo,0.75,1518522,58,Temporal,Sí
Regular,0.75,2461312,42,Dependiente,Sí
Bueno,0.75,4745640,36,Temporal,Sí
Bueno,0.55,1649367,20,Temporal,No
Excelente,0.75,3414219,40,Dependiente,No
Excelente,0.2,2340368,32,Temporal,No
Bueno,0.75,2274607,23,Dependiente,No
Excelente,0.2,1424015,36,Temporal,No
Malo,0.35,1594973,31,Dependiente,No
Regular,0.2,1253129,32,Dependiente,Sí
Bueno,0.2,1348634,45,Dependiente,Sí
Bueno,0.75,1562167,30,Dependiente,No
Excelente,0.75,1573124,34,Temporal,No
Bueno,0.75,1315313,28,Dependiente,No
Bueno,0.75,1288985,23,Dependiente,Sí
Excelente,0.75,3191168,22,Dependiente,Sí
Malo,0.55,1468233,74,Dependiente,Sí
Bueno,0.75,2309977,50,Dependiente,No
Bueno,0.75,1761720,33,Dependiente,Sí
Bueno,0.75,3042710,45,Dependiente,Sí
Bueno,0.75,1669533,22,Dependiente,No
Bueno,0.2,3503009,48,Temporal,No
Bueno,0.75,4816263,29,Dependiente,Sí
Excelente,0.2,1306286,22,Dependiente,Sí
Regular,0.75,2569217,22,Dependiente,No
Excelente,0.35,2881308,48,Dependiente,Sí
Regular,0.35,1591616,27,Dependiente,Sí
Malo,0.2,1559940,37,Dependiente,Sí
Bueno,0.35,2928681,21,Dependiente,No
Bueno,0.75,2172737,49,Temporal,Sí
Malo,0.35,1583865,27,Dependiente,Sí
Malo,0.55,1472154,32,Dependiente,No
Bueno,0.75,2055708,38,Dependiente,No
Bueno,0.75,1738385,22,Dependiente,Sí
Bueno,0.75,2003731,65,Dependiente,No
Bueno,0.75,2464044,35,Dependiente,Sí
Bueno,0.35,1801295,41,Dependiente,Sí
Excelente,0.35,3131105,29,Dependiente,No
Malo,0.75,2555024,36,Dependiente,Sí
Bueno,0.2,2254386,64,Temporal,Sí
Bueno,0.35,2127354,28,Dependiente,Sí
Excelente,0.75,2363768,44,Dependiente,No
Bueno,0.75,2154140,23,Dependiente,Sí
Bueno,0.35,1797160,19,Dependiente,No
Bueno,0.55,1272357,25,Temporal,No
Bueno,0.75,2137963,47,Dependiente,Sí
Bueno,0.75,3628818,28,Dependiente,Sí
Regular,0.35,1666732,21,Dependiente,Sí
Bueno,0.75,1472515,34,Dependiente,Sí
Regular,0.55,1859516,26,Dependiente,No
Bueno,0.75,1103483,27,Temporal,No
Bueno,0.75,1942443,38,Temporal,Sí
Bueno,0.55,2096027,40,Dependiente,No
Malo,0.75,1788321,33,Dependiente,Sí
Malo,0.75,1491259,32,Dependiente,Sí
Regular,0.75,2694001,27,Dependiente,No
Excelente,0.35,1971670,32,Dependiente,Sí
Bueno,0.35,3518653,26,Dependiente,No
Bueno,0.75,2448514,38,Dependiente,No
Bueno,0.75,1847974,40,Temporal,No
Bueno,0.75,1444296,50,Dependiente,Sí
Bueno,0.75,1898238,37,Temporal,No
Bueno,0.75,2355472,45,Dependiente,No
Regular,0.35,3412338,42,Dependiente,No
Malo,0.75,1937273,35,Dependiente,Sí
Bueno,0.2,1229268,22,Dependiente,Sí
Bueno,0.75,1882690,41,Temporal,No
Bueno,0.75,2249085,37,Dependiente,Sí
Excelente,0.35,2039692,28,Dependiente,Sí
Malo,0.35,2330414,41,Dependiente,Sí
Bueno,0.55,1662925,23,Dependiente,Sí
Bueno,0.75,2979772,23,Dependiente,No
Bueno,0.75,2385008,50,Dependiente,Sí
Regular,0.75,1357555,35,Dependiente,Sí
Malo,0.35,1332317,50,Temporal,Sí
Malo,0.75,1258845,27,Dependiente,Sí
Excelente,0.75,4114894,34,Dependiente,Sí
Excelente,0.2,1408885,27,Dependiente,Sí
Malo,0.55,1731044,43,Dependiente,No
Malo,0.75,1884748,47,Dependiente,Sí
Malo,0.55,2042723,27,Temporal,Sí
Bueno,0.35,3361018,31,Dependiente,Sí
Bueno,0.35,1565164,42,Dependiente,Sí
Malo,0.2,3286767,24,Dependiente,Sí
Regular,0.75,2959815,41,Temporal,No
Malo,0.75,2724801,26,Dependiente,Sí
Malo,0.75,1614780,33,Dependiente,Sí
Bueno,0.35,2356997,24,Dependiente,No
Bueno,0.75,2952373,64,Temporal,Sí
Bueno,0.55,2208901,26,Dependiente,Sí
Bueno,0.2,2149084,56,Dependiente,Sí
Bueno,0.75,1886854,37,Dependiente,Sí
Regular,0.75,1422153,33,Dependiente,Sí
Malo,0.55,1965774,47,Dependiente,Sí
Regular,0.2,3411239,31,Temporal,Sí
Bueno,0.75,2335144,34,Dependiente,Sí
Malo,0.75,2593160,27,Dependiente,Sí
Regular,0.75,2630364,30,Dependiente,Sí
Bueno,0.55,3452748,35,Dependiente,Sí
Bueno,0.2,3967609,31,Dependiente,Sí
Malo,0.35,1620783,25,Dependiente,Sí
Bueno,0.55,2395611,25,Temporal,Sí
Bueno,0.35,2385121,29,Dependiente,Sí
Malo,0.2,1770433,44,Temporal,Sí
Bueno,0.75,1484216,28,Dependiente,Sí
Bueno,0.35,3415930,50,Dependiente,Sí
Bueno,0.75,1732741,29,Dependiente,Sí
Malo,0.2,1760048,38,Temporal,Sí
Malo,0.75,1400671,24,Dependiente,Sí
Bueno,0.75,2190578,40,Dependiente,Sí
Bueno,0.75,3298884,29,Temporal,No
Malo,0.75,1520844,46,Dependiente,No
Bueno,0.75,2725495,47,Dependiente,Sí
Regular,0.75,2385816,41,Dependiente,Sí
Bueno,0.75,1218268,32,Dependiente,Sí
Bueno,0.2,4781928,35,Dependiente,Sí
Bueno,0.55,2476424,24,Dependiente,No
Excelente,0.75,2140194,25,Dependiente,No
Bueno,0.75,1837239,25,Dependiente,Sí
Bueno,0.35,2085953,37,Temporal,Sí
Malo,0.75,4368410,32,Dependiente,Sí
Excelente,0.75,2369196,35,Dependiente,No
Bueno,0.75,2648837,46,Dependiente,Sí
Malo,0.75,1735393,25,Temporal,Sí
Bueno,0.75,1818881,27,Dependiente,No
Malo,0.2,3473152,63,Dependiente,Sí
Malo,0.55,3295114,40,Dependiente,Sí
Bueno,0.75,2454534,32,Dependiente,Sí
Malo,0.55,1686445,31,Dependiente,Sí
Excelente,0.55,3387857,31,Dependiente,Sí
Excelente,0.75,2298850,34,Dependiente,No
Excelente,0.75,3755428,24,Dependiente,No
Bueno,0.75,1286445,24,Temporal,No
Bueno,0.75,3611680,66,Temporal,Sí
Bueno,0.55,1946815,21,Dependiente,No
Malo,0.35,5604571,41,Temporal,Sí
Malo,0.35,2709658,47,Temporal,Sí
Bueno,0.75,2233847,25,Dependiente,No
Excelente,0.75,1754538,59,Dependiente,No
Malo,0.35,3909139,36,Dependiente,Sí
Regular,0.2,1342868,33,Dependiente,Sí
Bueno,0.35,2258947,21,Temporal,No
Bueno,0.75,2271232,44,Temporal,Sí
Bueno,0.35,4807663,28,Dependiente,Sí
Malo,0.2,1833127,37,Dependiente,Sí
Excelente,0.55,2675010,29,Temporal,Sí
Bueno,0.2,1710178,23,Dependiente,No
Bueno,0.55,2943239,35,Temporal,Sí
Malo,0.2,1947962,45,Dependiente,Sí
Excelente,0.75,2327722,26,Temporal,No
Excelente,0.35,2692526,32,Dependiente,Sí
Excelente,0.75,1591791,23,Temporal,Sí
Bueno,0.75,3145696,41,Dependiente,Sí
Excelente,0.75,3254080,22,Dependiente,Sí
Malo,0.75,2033150,30,Dependiente,Sí
Malo,0.55,2250974,28,Temporal,Sí
Bueno,0.2,1529152,23,Dependiente,Sí
Bueno,0.55,1811287,37,Temporal,No
Bueno,0.2,2859708,26,Dependiente,Sí
Bueno,0.35,2212660,33,Dependiente,Sí
Bueno,0.35,1622360,49,Dependiente,Sí
Bueno,0.2,2300692,23,Temporal,No
Bueno,0.35,2946670,23,Temporal,Sí
Malo,0.75,1798915,25,Dependiente,Sí
Regular,0.75,4617816,55,Dependiente,No
Bueno,0.75,2960141,32,Dependiente,No
Malo,0.2,2006094,74,Temporal,Sí
Malo,0.55,2300191,39,Dependiente,No
Bueno,0.35,2362060,31,Dependiente,Sí
Malo,0.75,2670211,35,Dependiente,No
Malo,0.2,2073014,59,Dependiente,Sí
Malo,0.75,1605238,24,Dependiente,No
Bueno,0.75,1523035,24,Temporal,Sí
Malo,0.75,3139103,30,Dependiente,No
Malo,0.75,2031639,27,Dependiente,Sí
Bueno,0.55,2329027,40,Temporal,Sí
Bueno,0.35,2081636,31,Temporal,No
Bueno,0.2,2674391,31,Dependiente,Sí
Malo,0.2,1973647,28,Dependiente,Sí
Malo,0.35,2721161,63,Temporal,Sí
Bueno,0.35,1999137,26,Dependiente,Sí
Malo,0.55,2300387,25,Dependiente,No
Malo,0.2,1638882,36,Dependiente,Sí
Malo,0.75,2827442,52,Dependiente,Sí
Malo,0.35,3326348,66,Temporal,Sí
Bueno,0.75,1724876,25,Dependiente,No
Malo,0.75,1647829,37,Dependiente,Sí
Bueno,0.75,2352821,25,Dependiente,Sí
Malo,0.75,6360109,38,Dependiente,Sí
Bueno,0.35,1830142,67,Dependiente,Sí
Malo,0.35,2312346,25,Dependiente,No
Malo,0.75,5828173,60,Dependiente,Sí
Excelente,0.35,1527338,31,Temporal,Sí
Bueno,0.75,2169775,23,Temporal,No
Bueno,0.2,1595156,60,Dependiente,Sí
Bueno,0.75,5771126,35,Temporal,Sí
Bueno,0.55,4050105,40,Dependiente,Sí
Malo,0.75,2521532,38,Dependiente,Sí
Regular,0.75,2160729,50,Dependiente,No
Malo,0.75,2431468,27,Dependiente,No
Bueno,0.35,1679228,39,Dependiente,No
Bueno,0.55,2855213,41,Dependiente,Sí
Malo,0.2,2258833,27,Dependiente,Sí
Bueno,0.55,2393868,51,Dependiente,Sí
Bueno,0.75,3032598,32,Dependiente,Sí
Bueno,0.35,2869924,22,Dependiente,Sí
Bueno,0.2,3477812,51,Dependiente,No
Malo,0.35,1837939,22,Temporal,Sí
Regular,0.75,3053971,54,Dependiente,Sí
Bueno,0.75,2739561,35,Temporal,Sí
Malo,0.75,2543292,54,Dependiente,Sí
Malo,0.55,1677960,48,Temporal,Sí
Malo,0.2,2339009,24,Dependiente,Sí
Malo,0.75,2892087,35,Dependiente,Sí
Bueno,0.2,1922576,24,Temporal,Sí
Bueno,0.35,2373115,24,Dependiente,No
Bueno,0.55,2293943,26,Temporal,Sí
Malo,0.75,3466023,65,Dependiente,Sí
Excelente,0.2,1607482,55,Dependiente,Sí
Excelente,0.35,1279848,26,Temporal,No
Bueno,0.55,2356278,26,Dependiente,Sí
Bueno,0.55,2519624,28,Temporal,Sí
Malo,0.75,1498267,24,Dependiente,No
Bueno,0.55,2397094,54,Dependiente,No
Bueno,0.75,2563951,46,Dependiente,No
Regular,0.35,1874489,54,Dependiente,Sí
Bueno,0.2,3386913,62,Dependiente,Sí
Malo,0.2,1890573,24,Dependiente,Sí
Bueno,0.35,1144071,43,Dependiente,Sí
Bueno,0.75,1635756,26,Dependiente,No
Bueno,0.55,2243709,27,Dependiente,Sí
Bueno,0.55,1206021,24,Dependiente,Sí
Bueno,0.35,1960258,41,Dependiente,No
Malo,0.75,2061143,47,Temporal,Sí
Malo,0.55,1803683,35,Dependiente,Sí
Malo,0.75,2874974,30,Dependiente,Sí
Malo,0.2,1980299,33,Dependiente,No
Excelente,0.35,1651039,36,Dependiente,No
Bueno,0.55,3127502,47,Dependiente,No
Regular,0.75,2178326,38,Dependiente,Sí
Regular,0.75,2836907,44,Dependiente,Sí
Bueno,0.75,1698762,23,Dependiente,No
Excelente,0.35,1659736,29,Dependiente,No
Bueno,0.35,2117496,42,Dependiente,Sí
Bueno,0.35,1755484,25,Temporal,No
Excelente,0.75,1744603,48,Dependiente,No
Bueno,0.75,2872268,21,Dependiente,Sí
Bueno,0.2,1587556,23,Temporal,Sí
Malo,0.75,2345717,63,Dependiente,Sí
Malo,0.75,2426332,46,Dependiente,Sí
Bueno,0.75,1338725,29,Dependiente,No
Regular,0.55,2062598,28,Temporal,Sí
Bueno,0.75,1359874,23,Dependiente,No
Excelente,0.75,2694330,50,Dependiente,Sí
Bueno,0.75,1671913,47,Dependiente,Sí
Bueno,0.35,2334129,35,Dependiente,Sí
Bueno,0.35,1628024,68,Dependiente,No
Bueno,0.75,2371139,28,Dependiente,Sí
Bueno,0.55,2038138,59,Dependiente,Sí
Bueno,0.75,2368800,57,Temporal,No
Malo,0.75,1287199,33,Dependiente,No
Malo,0.55,2887434,43,Dependiente,Sí
Malo,0.75,1472877,35,Dependiente,Sí
Excelente,0.75,2604217,32,Temporal,No
Regular,0.35,1760017,45,Dependiente,Sí
Bueno,0.75,1963614,33,Dependiente,Sí
Bueno,0.75,1710306,40,Dependiente,Sí
Malo,0.75,1813687,28,Dependiente,Sí
Bueno,0.55,1934293,29,Dependiente,No
Bueno,0.2,1891992,26,Dependiente,Sí
Malo,0.75,5438819,27,Dependiente,Sí
Regular,0.75,1789275,28,Dependiente,No
Bueno,0.75,1787621,35,Dependiente,No
Malo,0.75,4371811,32,Temporal,Sí
Bueno,0.35,1720991,25,Temporal,No
Bueno,0.35,3339460,20,Dependiente,Sí
Bueno,0.75,1331721,27,Dependiente,Sí
Malo,0.35,1723807,42,Dependiente,Sí
Bueno,0.55,3351214,37,Dependiente,Sí
Bueno,0.75,2915940,24,Dependiente,Sí
Regular,0.35,3365960,40,Dependiente,Sí
Malo,0.2,1862361,46,Dependiente,Sí
Malo,0.75,2971759,26,Dependiente,Sí
Bueno,0.75,2007446,24,Dependiente,Sí
Bueno,0.35,1233002,29,Temporal,Sí
Malo,0.75,3890381,40,Dependiente,Sí
Excelente,0.55,2024225,36,Dependiente,Sí
Bueno,0.75,2467921,28,Dependiente,Sí
Bueno,0.55,1173463,27,Dependiente,No
Malo,0.35,2016254,36,Dependiente,Sí
Bueno,0.55,1650436,38,Dependiente,Sí
Bueno,0.35,2507839,48,Dependiente,Sí
Malo,0.75,1835478,36,Dependiente,Sí
Malo,0.75,1201807,65,Temporal,Sí
Bueno,0.55,2463880,43,Dependiente,No
Bueno,0.75,1360502,53,Dependiente,No
Malo,0.75,2727031,34,Dependiente,Sí
Bueno,0.35,1509637,23,Dependiente,No
Malo,0.75,1595128,34,Dependiente,Sí
Excelente,0.55,1771520,40,Dependiente,Sí
Malo,0.75,2566736,43,Dependiente,Sí
Malo,0.75,2774886,46,Dependiente,Sí
Malo,0.75,2279285,38,Temporal,Sí
Malo,0.55,1716338,34,Dependiente,Sí
Malo,0.75,2502127,29,Dependiente,Sí
Regular,0.55,1988224,31,Dependiente,Sí
Bueno,0.75,1502037,28,Dependiente,Sí
Malo,0.55,6314923,35,Dependiente,Sí
Bueno,0.2,1671453,33,Temporal,Sí
Bueno,0.35,1311161,42,Dependiente,No
Malo,0.35,1764302,43,Dependiente,No
Malo,0.35,1462808,44,Dependiente,Sí
Malo,0.35,2126583,42,Dependiente,Sí
Bueno,0.75,2374562,40,Dependiente,Sí
Bueno,0.75,2097422,36,Dependiente,Sí
Bueno,0.35,2360473,20,Dependiente,Sí
Bueno,0.35,2998781,24,Temporal,Sí
Bueno,0.35,2012726,27,Dependiente,Sí
Regular,0.2,1460387,46,Temporal,Sí
Bueno,0.2,2069538,33,Temporal,Sí
Regular,0.75,1967383,34,Dependiente,Sí
Malo,0.35,1471058,25,Temporal,No
Bueno,0.35,2923468,25,Dependiente,Sí
Bueno,0.2,5428234,28,Dependiente,Sí
Excelente,0.75,1917661,31,Dependiente,No
Excelente,0.2,1766964,32,Dependiente,No
Bueno,0.2,2212252,32,Dependiente,Sí
Bueno,0.2,2919587,68,Dependiente,No
Bueno,0.2,2582143,33,Dependiente,No
Bueno,0.75,1658576,39,Dependiente,No
Malo,0.75,2329008,28,Dependiente,Sí
Regular,0.75,3554261,37,Dependiente,Sí
Bueno,0.55,2244772,22,Dependiente,No
Bueno,0.55,2463793,30,Dependiente,Sí
Excelente,0.35,1665138,55,Dependiente,No
Excelente,0.75,1167749,46,Dependiente,No
Malo,0.75,1471816,21,Dependiente,Sí
Bueno,0.75,2094536,39,Dependiente,No
Bueno,0.75,2940260,58,Dependiente,Sí
Regular,0.75,1535253,43,Temporal,Sí
Bueno,0.75,1312104,24,Temporal,Sí
Bueno,0.75,2171138,22,Dependiente,No
Malo,0.55,2479722,30,Dependiente,Sí
Malo,0.75,3946242,42,Dependiente,Sí
Bueno,0.75,1423183,23,Dependiente,Sí
Regular,0.75,2072168,30,Dependiente,No
Bueno,0.55,1223907,28,Temporal,No
Bueno,0.75,2269159,30,Dependiente,Sí
Bueno,0.75,1353076,42,Dependiente,No
Malo,0.35,2364774,46,Dependiente,Sí
Bueno,0.35,1815528,45,Dependiente,Sí
Bueno,0.55,1920431,31,Temporal,Sí
Bueno,0.75,2724843,31,Dependiente,Sí
Malo,0.35,2506530,42,Temporal,Sí
Bueno,0.75,1394930,46,Dependiente,Sí
Excelente,0.2,2390669,30,Dependiente,Sí
Excelente,0.75,2570062,30,Dependiente,No
Bueno,0.75,2565025,38,Dependiente,Sí
Bueno,0.75,2219254,43,Temporal,No
Bueno,0.35,3163654,31,Dependiente,No
Malo,0.55,1782604,40,Temporal,Sí
Regular,0.35,2271002,24,Dependiente,No
Bueno,0.55,2624904,28,Dependiente,No
Bueno,0.75,2149861,26,Dependiente,No
Bueno,0.75,1744401,29,Dependiente,Sí
Malo,0.75,5349415,57,Dependiente,Sí
Malo,0.75,2734051,49,Temporal,Sí
Malo,0.35,1513266,37,Temporal,Sí
Bueno,0.55,1416168,45,Temporal,No
Bueno,0.75,3399896,30,Dependiente,Sí
Malo,0.35,1569165,30,Dependiente,Sí
Regular,0.2,1984097,47,Dependiente,Sí
Bueno,0.55,1868023,29,Dependiente,Sí
Bueno,0.55,3700732,35,Dependiente,No
Bueno,0.55,1496536,22,Temporal,Sí
Bueno,0.75,2033509,26,Dependiente,Sí
Malo,0.75,3578568,23,Temporal,No
Bueno,0.75,1903509,54,Dependiente,Sí
Bueno,0.35,2584567,29,Dependiente,Sí
Malo,0.2,1818865,40,Temporal,Sí
Bueno,0.75,2729139,22,Dependiente,Sí
Bueno,0.2,2417878,43,Temporal,Sí
Excelente,0.2,1937109,29,Temporal,No
Bueno,0.75,1775306,36,Dependiente,No
Malo,0.75,1240538,33,Dependiente,Sí
Bueno,0.55,2893396,57,Temporal,Sí
Bueno,0.35,1973601,64,Dependiente,Sí
Regular,0.75,1892566,42,Dependiente,Sí
Regular,0.75,2214331,47,Temporal,No
Excelente,0.35,2635579,25,Dependiente,No
Malo,0.35,1797968,49,Dependiente,No
Bueno,0.55,1981967,33,Dependiente,No
Bueno,0.2,1949237,28,Dependiente,Sí
Bueno,0.35,1297679,26,Dependiente,No
Malo,0.35,2361309,30,Temporal,Sí
Malo,0.75,1844138,25,Dependiente,Sí
Excelente,0.35,1990176,33,Dependiente,Sí
Bueno,0.35,2167882,64,Dependiente,Sí
Bueno,0.75,1368290,29,Dependiente,Sí
Malo,0.75,2717799,48,Temporal,Sí
Malo,0.35,2564167,37,Temporal,Sí
Excelente,0.75,3327090,34,Temporal,Sí
Bueno,0.35,2099039,23,Temporal,Sí
Bueno,0.75,1770569,30,Dependiente,Sí
Bueno,0.75,2449753,50,Dependiente,Sí
Bueno,0.55,1450962,31,Temporal,Sí
Bueno,0.75,2392507,40,Dependiente,Sí
Bueno,0.75,1653437,38,Dependiente,Sí
Bueno,0.75,2435308,23,Dependiente,No
Malo,0.55,2181967,27,Dependiente,Sí
